5th Avenue,Abad Santos,Baclaran,Balintawak,Bambang,Blumentritt,Carriedo,Central Terminal,Doroteo Jose,EDSA,Gil Puyat,Libertad,Monumento,Pedro Gil,Quirino,R Papa,Roosevelt,Tayuman,United Nations,Vito Cruz
1531686600,1531686600,1531686600,1531686600,1531686600,1531686600,1531686600,1531686600,1531686600,1531686600,1531686600,1531686600,1531686600,1531686600,1531686600,1531686600,1531686600,1531686600,1531686600,1531686600
1531686783,1531686781,1531686782,1531686784,1531686783,1531686782,1531686786,1531686783,1531686784,1531686786,1531686784,1531686785,1531686784,1531686781,1531686785,1531686784,1531686780,1531686786,1531686782,1531686785
1531686969,1531686964,1531686967,1531686967,1531686967,1531686966,1531686968,1531686968,1531686968,1531686974,1531686967,1531686969,1531686971,1531686966,1531686970,1531686968,1531686962,1531686970,1531686966,1531686968
1531687154,1531687150,1531687153,1531687152,1531687152,1531687147,1531687155,1531687151,1531687151,1531687159,1531687154,1531687151,1531687155,1531687149,1531687153,1531687151,1531687146,1531687154,1531687148,1531687153
1531687338,1531687335,1531687339,1531687338,1531687337,1531687332,1531687337,1531687335,1531687334,1531687343,1531687342,1531687335,1531687338,1531687334,1531687334,1531687334,1531687327,1531687333,1531687332,1531687338
1531687523,1531687518,1531687522,1531687524,1531687519,1531687514,1531687523,1531687520,1531687516,1531687529,1531687525,1531687518,1531687523,1531687519,1531687515,1531687517,1531687512,1531687518,1531687515,1531687522
1531687708,1531687700,1531687704,1531687710,1531687704,1531687697,1531687710,1531687703,1531687700,1531687711,1531687707,1531687703,1531687711,1531687701,1531687698,1531687702,1531687695,1531687701,1531687697,1531687705
1531687893,1531687885,1531687886,1531687894,1531687889,1531687880,1531687893,1531687887,1531687884,1531687893,1531687892,1531687889,1531687896,1531687885,1531687881,1531687886,1531687882,1531687884,1531687882,1531687890
1531688079,1531688069,1531688072,1531688078,1531688076,1531688065,1531688077,1531688069,1531688067,1531688077,1531688078,1531688075,1531688080,1531688068,1531688069,1531688069,1531688067,1531688067,1531688067,1531688073
1531688264,1531688254,1531688256,1531688261,1531688260,1531688250,1531688262,1531688252,1531688250,1531688262,1531688263,1531688260,1531688260,1531688251,1531688253,1531688255,1531688246,1531688250,1531688251,1531688259
1531688448,1531688436,1531688439,1531688442,1531688446,1531688433,1531688447,1531688437,1531688435,1531688444,1531688445,1531688442,1531688447,1531688439,1531688438,1531688437,1531688428,1531688435,1531688437,1531688442
1531688633,1531688621,1531688623,1531688628,1531688629,1531688617,1531688629,1531688621,1531688617,1531688627,1531688629,1531688625,1531688630,1531688622,1531688623,1531688620,1531688610,1531688619,1531688621,1531688624
1531688817,1531688804,1531688808,1531688812,1531688813,1531688803,1531688813,1531688805,1531688800,1531688812,1531688812,1531688807,1531688815,1531688809,1531688807,1531688804,1531688795,1531688803,1531688805,1531688809
1531689002,1531688988,1531688990,1531688996,1531688996,1531688984,1531689000,1531688989,1531688984,1531688996,1531688997,1531688992,1531688999,1531688990,1531688992,1531688987,1531688976,1531688986,1531688987,1531688995
1531689188,1531689170,1531689173,1531689183,1531689182,1531689168,1531689182,1531689174,1531689166,1531689178,1531689181,1531689175,1531689184,1531689173,1531689176,1531689170,1531689160,1531689169,1531689171,1531689179
1531689373,1531689351,1531689357,1531689366,1531689367,1531689351,1531689363,1531689358,1531689350,1531689359,1531689366,1531689359,1531689366,1531689356,1531689358,1531689355,1531689346,1531689354,1531689353,1531689359
1531689556,1531689533,1531689541,1531689551,1531689548,1531689534,1531689546,1531689542,1531689534,1531689545,1531689551,1531689543,1531689551,1531689539,1531689545,1531689542,1531689530,1531689539,1531689537,1531689542
1531689741,1531689717,1531689726,1531689735,1531689730,1531689717,1531689730,1531689730,1531689714,1531689729,1531689737,1531689726,1531689737,1531689723,1531689729,1531689726,1531689716,1531689725,1531689723,1531689724
1531689929,1531689902,1531689912,1531689921,1531689915,1531689902,1531689916,1531689913,1531689897,1531689915,1531689920,1531689910,1531689922,1531689906,1531689912,1531689912,1531689900,1531689907,1531689908,1531689909
1531690112,1531690089,1531690096,1531690105,1531690102,1531690086,1531690099,1531690096,1531690083,1531690098,1531690104,1531690096,1531690107,1531690092,1531690097,1531690095,1531690084,1531690090,1531690092,1531690093
1531690292,1531690273,1531690279,1531690290,1531690285,1531690269,1531690284,1531690280,1531690268,1531690281,1531690289,1531690281,1531690293,1531690276,1531690279,1531690279,1531690266,1531690273,1531690277,1531690278
1531690475,1531690456,1531690463,1531690476,1531690468,1531690450,1531690469,1531690463,1531690453,1531690462,1531690473,1531690464,1531690477,1531690461,1531690461,1531690464,1531690449,1531690458,1531690460,1531690460
1531690659,1531690639,1531690648,1531690661,1531690654,1531690634,1531690654,1531690648,1531690639,1531690646,1531690657,1531690646,1531690661,1531690644,1531690644,1531690648,1531690632,1531690641,1531690643,1531690643
1531690842,1531690820,1531690833,1531690844,1531690835,1531690819,1531690841,1531690833,1531690824,1531690831,1531690839,1531690834,1531690845,1531690826,1531690832,1531690832,1531690817,1531690826,1531690823,1531690828
1531691026,1531691004,1531691017,1531691030,1531691015,1531691003,1531691024,1531691018,1531691006,1531691018,1531691022,1531691018,1531691029,1531691009,1531691015,1531691016,1531690999,1531691012,1531691010,1531691013
1531691209,1531691188,1531691199,1531691214,1531691198,1531691188,1531691208,1531691202,1531691193,1531691200,1531691207,1531691202,1531691214,1531691190,1531691199,1531691201,1531691183,1531691193,1531691195,1531691194
1531691395,1531691372,1531691382,1531691398,1531691382,1531691369,1531691389,1531691387,1531691378,1531691383,1531691392,1531691389,1531691396,1531691373,1531691383,1531691384,1531691368,1531691375,1531691378,1531691376
1531691581,1531691556,1531691567,1531691582,1531691565,1531691552,1531691572,1531691572,1531691565,1531691564,1531691575,1531691573,1531691579,1531691555,1531691570,1531691566,1531691554,1531691558,1531691561,1531691560
1531691764,1531691739,1531691752,1531691766,1531691751,1531691736,1531691757,1531691756,1531691752,1531691749,1531691758,1531691757,1531691763,1531691741,1531691753,1531691748,1531691736,1531691740,1531691743,1531691743
1531691949,1531691921,1531691935,1531691952,1531691934,1531691920,1531691940,1531691943,1531691936,1531691931,1531691944,1531691941,1531691950,1531691925,1531691937,1531691930,1531691919,1531691926,1531691927,1531691927
1531692132,1531692106,1531692122,1531692135,1531692118,1531692104,1531692123,1531692126,1531692123,1531692117,1531692128,1531692126,1531692134,1531692111,1531692119,1531692113,1531692103,1531692112,1531692111,1531692112
1531692316,1531692290,1531692311,1531692318,1531692301,1531692287,1531692310,1531692310,1531692307,1531692302,1531692314,1531692309,1531692319,1531692298,1531692305,1531692297,1531692287,1531692299,1531692292,1531692296
1531692499,1531692474,1531692495,1531692502,1531692486,1531692472,1531692496,1531692493,1531692493,1531692486,1531692498,1531692494,1531692502,1531692478,1531692488,1531692478,1531692471,1531692479,1531692477,1531692482
1531692683,1531692657,1531692678,1531692687,1531692671,1531692655,1531692679,1531692678,1531692676,1531692672,1531692684,1531692680,1531692685,1531692662,1531692670,1531692665,1531692659,1531692662,1531692661,1531692667
1531692867,1531692842,1531692862,1531692871,1531692855,1531692839,1531692863,1531692862,1531692861,1531692855,1531692867,1531692865,1531692871,1531692847,1531692856,1531692850,1531692842,1531692845,1531692846,1531692849
1531693053,1531693026,1531693044,1531693054,1531693039,1531693024,1531693048,1531693046,1531693045,1531693038,1531693050,1531693053,1531693053,1531693032,1531693042,1531693034,1531693025,1531693030,1531693030,1531693035
1531693238,1531693209,1531693231,1531693238,1531693222,1531693208,1531693233,1531693229,1531693229,1531693222,1531693232,1531693236,1531693236,1531693212,1531693230,1531693218,1531693210,1531693213,1531693212,1531693216
1531693421,1531693391,1531693417,1531693423,1531693408,1531693392,1531693417,1531693413,1531693415,1531693407,1531693416,1531693417,1531693421,1531693399,1531693411,1531693404,1531693392,1531693397,1531693393,1531693401
1531693605,1531693578,1531693601,1531693605,1531693593,1531693574,1531693601,1531693595,1531693598,1531693590,1531693601,1531693599,1531693603,1531693585,1531693596,1531693590,1531693575,1531693582,1531693579,1531693584
1531693789,1531693762,1531693786,1531693787,1531693775,1531693757,1531693785,1531693780,1531693780,1531693772,1531693784,1531693783,1531693786,1531693769,1531693782,1531693772,1531693761,1531693766,1531693763,1531693769
1531693972,1531693945,1531693968,1531693972,1531693959,1531693941,1531693968,1531693963,1531693965,1531693955,1531693967,1531693965,1531693969,1531693951,1531693966,1531693956,1531693946,1531693950,1531693946,1531693956
1531694159,1531694127,1531694152,1531694157,1531694141,1531694124,1531694153,1531694146,1531694148,1531694139,1531694152,1531694149,1531694154,1531694135,1531694150,1531694139,1531694130,1531694134,1531694130,1531694139
1531694343,1531694311,1531694335,1531694342,1531694326,1531694308,1531694337,1531694329,1531694334,1531694322,1531694339,1531694329,1531694338,1531694319,1531694334,1531694324,1531694315,1531694317,1531694314,1531694322
1531694528,1531694495,1531694518,1531694526,1531694511,1531694495,1531694522,1531694515,1531694516,1531694507,1531694522,1531694516,1531694522,1531694501,1531694517,1531694509,1531694499,1531694501,1531694496,1531694508
1531694711,1531694677,1531694704,1531694712,1531694695,1531694681,1531694707,1531694700,1531694703,1531694690,1531694705,1531694699,1531694707,1531694685,1531694701,1531694693,1531694683,1531694688,1531694679,1531694689
1531694895,1531694862,1531694891,1531694894,1531694877,1531694864,1531694891,1531694885,1531694887,1531694875,1531694891,1531694882,1531694890,1531694870,1531694886,1531694876,1531694864,1531694871,1531694865,1531694870
1531695079,1531695048,1531695076,1531695080,1531695063,1531695049,1531695075,1531695068,1531695070,1531695059,1531695077,1531695064,1531695073,1531695054,1531695069,1531695060,1531695046,1531695053,1531695049,1531695054
1531695263,1531695230,1531695261,1531695264,1531695249,1531695233,1531695258,1531695251,1531695255,1531695243,1531695262,1531695250,1531695258,1531695240,1531695253,1531695245,1531695229,1531695237,1531695235,1531695240
1531695446,1531695413,1531695444,1531695447,1531695434,1531695418,1531695441,1531695435,1531695437,1531695427,1531695445,1531695435,1531695444,1531695424,1531695435,1531695427,1531695414,1531695420,1531695418,1531695424
1531695631,1531695600,1531695628,1531695632,1531695618,1531695602,1531695624,1531695618,1531695622,1531695611,1531695630,1531695618,1531695626,1531695607,1531695618,1531695612,1531695595,1531695604,1531695601,1531695608
1531695817,1531695783,1531695811,1531695816,1531695802,1531695786,1531695808,1531695800,1531695809,1531695797,1531695813,1531695802,1531695809,1531695788,1531695801,1531695797,1531695780,1531695790,1531695785,1531695792
1531696003,1531695968,1531695996,1531695998,1531695985,1531695970,1531695990,1531695985,1531695993,1531695978,1531696000,1531695984,1531695992,1531695971,1531695984,1531695979,1531695963,1531695975,1531695968,1531695976
1531696186,1531696151,1531696179,1531696179,1531696168,1531696154,1531696171,1531696169,1531696180,1531696163,1531696184,1531696167,1531696175,1531696154,1531696169,1531696161,1531696147,1531696161,1531696153,1531696156
1531696371,1531696335,1531696363,1531696363,1531696355,1531696340,1531696354,1531696352,1531696364,1531696349,1531696367,1531696351,1531696360,1531696338,1531696354,1531696346,1531696332,1531696345,1531696336,1531696343
1531696554,1531696519,1531696550,1531696545,1531696541,1531696524,1531696535,1531696537,1531696544,1531696534,1531696552,1531696534,1531696544,1531696525,1531696536,1531696532,1531696516,1531696528,1531696521,1531696527
1531696738,1531696702,1531696737,1531696730,1531696723,1531696710,1531696720,1531696720,1531696729,1531696716,1531696738,1531696718,1531696728,1531696710,1531696721,1531696718,1531696700,1531696711,1531696704,1531696712
1531696923,1531696887,1531696921,1531696914,1531696907,1531696896,1531696908,1531696904,1531696916,1531696901,1531696922,1531696900,1531696911,1531696896,1531696905,1531696901,1531696882,1531696893,1531696891,1531696896
1531697108,1531697070,1531697106,1531697098,1531697092,1531697081,1531697091,1531697088,1531697100,1531697085,1531697103,1531697086,1531697094,1531697080,1531697090,1531697084,1531697066,1531697079,1531697075,1531697079
1531697291,1531697254,1531697289,1531697281,1531697278,1531697267,1531697274,1531697274,1531697283,1531697271,1531697287,1531697270,1531697278,1531697262,1531697275,1531697268,1531697251,1531697264,1531697259,1531697260
1531697477,1531697439,1531697472,1531697467,1531697462,1531697452,1531697459,1531697458,1531697468,1531697452,1531697472,1531697455,1531697462,1531697447,1531697458,1531697451,1531697433,1531697446,1531697446,1531697443
1531697662,1531697626,1531697654,1531697651,1531697647,1531697636,1531697643,1531697642,1531697653,1531697637,1531697660,1531697638,1531697647,1531697633,1531697640,1531697636,1531697617,1531697627,1531697631,1531697624
1531697846,1531697810,1531697839,1531697835,1531697831,1531697822,1531697828,1531697828,1531697836,1531697819,1531697846,1531697823,1531697832,1531697820,1531697823,1531697819,1531697804,1531697811,1531697816,1531697809
1531698027,1531697994,1531698024,1531698018,1531698014,1531698007,1531698011,1531698013,1531698017,1531698005,1531698029,1531698008,1531698015,1531698005,1531698008,1531698004,1531697988,1531697992,1531697999,1531697991
1531698210,1531698179,1531698206,1531698200,1531698200,1531698190,1531698196,1531698201,1531698201,1531698187,1531698213,1531698193,1531698199,1531698192,1531698191,1531698188,1531698173,1531698176,1531698185,1531698175
1531698393,1531698364,1531698393,1531698384,1531698383,1531698373,1531698380,1531698385,1531698383,1531698371,1531698397,1531698377,1531698383,1531698375,1531698374,1531698372,1531698358,1531698357,1531698367,1531698361
1531698576,1531698549,1531698574,1531698569,1531698566,1531698557,1531698565,1531698567,1531698568,1531698555,1531698580,1531698560,1531698566,1531698560,1531698558,1531698554,1531698541,1531698539,1531698552,1531698548
1531698763,1531698734,1531698760,1531698754,1531698750,1531698740,1531698749,1531698750,1531698749,1531698736,1531698765,1531698744,1531698747,1531698745,1531698742,1531698738,1531698728,1531698722,1531698739,1531698731
1531698948,1531698920,1531698943,1531698937,1531698931,1531698922,1531698934,1531698934,1531698936,1531698922,1531698949,1531698929,1531698931,1531698929,1531698927,1531698923,1531698913,1531698906,1531698923,1531698915
1531699132,1531699101,1531699126,1531699120,1531699115,1531699107,1531699116,1531699118,1531699120,1531699108,1531699137,1531699109,1531699115,1531699114,1531699112,1531699105,1531699098,1531699093,1531699104,1531699100
1531699318,1531699286,1531699311,1531699302,1531699298,1531699293,1531699300,1531699300,1531699301,1531699291,1531699319,1531699293,1531699300,1531699297,1531699296,1531699288,1531699285,1531699275,1531699288,1531699283
1531699499,1531699469,1531699496,1531699485,1531699485,1531699476,1531699484,1531699483,1531699486,1531699476,1531699504,1531699477,1531699484,1531699479,1531699479,1531699471,1531699468,1531699458,1531699472,1531699469
1531699684,1531699652,1531699681,1531699671,1531699670,1531699661,1531699668,1531699667,1531699670,1531699659,1531699689,1531699662,1531699671,1531699662,1531699663,1531699655,1531699651,1531699641,1531699656,1531699651
1531699870,1531699835,1531699866,1531699856,1531699856,1531699847,1531699853,1531699851,1531699853,1531699842,1531699871,1531699844,1531699853,1531699844,1531699847,1531699840,1531699834,1531699825,1531699844,1531699838
1531700053,1531700019,1531700048,1531700039,1531700041,1531700030,1531700036,1531700037,1531700039,1531700026,1531700053,1531700028,1531700037,1531700028,1531700030,1531700024,1531700019,1531700008,1531700027,1531700023
1531700236,1531700205,1531700233,1531700224,1531700223,1531700216,1531700218,1531700221,1531700224,1531700209,1531700235,1531700212,1531700221,1531700214,1531700214,1531700207,1531700205,1531700188,1531700213,1531700207
1531700419,1531700391,1531700416,1531700406,1531700408,1531700396,1531700403,1531700407,1531700407,1531700391,1531700420,1531700397,1531700406,1531700399,1531700397,1531700389,1531700388,1531700371,1531700394,1531700389
1531700603,1531700574,1531700604,1531700589,1531700592,1531700580,1531700586,1531700589,1531700589,1531700575,1531700605,1531700582,1531700593,1531700583,1531700582,1531700573,1531700573,1531700553,1531700576,1531700571
1531700788,1531700759,1531700790,1531700771,1531700776,1531700765,1531700772,1531700772,1531700775,1531700757,1531700789,1531700767,1531700778,1531700767,1531700764,1531700754,1531700758,1531700737,1531700760,1531700756
1531700972,1531700942,1531700974,1531700957,1531700956,1531700949,1531700954,1531700956,1531700959,1531700940,1531700974,1531700949,1531700964,1531700947,1531700947,1531700935,1531700944,1531700922,1531700943,1531700939
1531701158,1531701127,1531701155,1531701142,1531701140,1531701133,1531701136,1531701141,1531701142,1531701123,1531701157,1531701135,1531701148,1531701129,1531701129,1531701118,1531701126,1531701105,1531701127,1531701124
1531701344,1531701315,1531701340,1531701323,1531701323,1531701317,1531701319,1531701321,1531701324,1531701308,1531701339,1531701320,1531701333,1531701314,1531701312,1531701302,1531701311,1531701288,1531701314,1531701306
1531701531,1531701498,1531701525,1531701506,1531701508,1531701499,1531701506,1531701504,1531701507,1531701495,1531701522,1531701502,1531701518,1531701498,1531701495,1531701487,1531701495,1531701474,1531701502,1531701487
1531701714,1531701682,1531701708,1531701690,1531701689,1531701681,1531701687,1531701688,1531701689,1531701677,1531701708,1531701686,1531701702,1531701683,1531701677,1531701671,1531701678,1531701658,1531701688,1531701672
1531701897,1531701867,1531701892,1531701873,1531701873,1531701863,1531701870,1531701873,1531701871,1531701861,1531701891,1531701869,1531701888,1531701869,1531701863,1531701855,1531701860,1531701842,1531701873,1531701854
1531702081,1531702049,1531702076,1531702057,1531702058,1531702046,1531702053,1531702056,1531702057,1531702046,1531702073,1531702054,1531702071,1531702054,1531702045,1531702039,1531702043,1531702026,1531702060,1531702038
1531702261,1531702231,1531702258,1531702241,1531702243,1531702232,1531702237,1531702242,1531702242,1531702233,1531702256,1531702236,1531702255,1531702240,1531702230,1531702224,1531702228,1531702208,1531702244,1531702223
1531702444,1531702413,1531702443,1531702424,1531702428,1531702416,1531702419,1531702426,1531702425,1531702412,1531702438,1531702420,1531702439,1531702425,1531702415,1531702407,1531702410,1531702391,1531702429,1531702407
1531702629,1531702597,1531702627,1531702606,1531702611,1531702600,1531702606,1531702610,1531702613,1531702595,1531702620,1531702604,1531702623,1531702611,1531702601,1531702592,1531702596,1531702577,1531702613,1531702593
1531702817,1531702782,1531702812,1531702791,1531702795,1531702787,1531702790,1531702791,1531702797,1531702781,1531702806,1531702790,1531702809,1531702795,1531702785,1531702774,1531702779,1531702761,1531702797,1531702777
1531703002,1531702967,1531702994,1531702976,1531702978,1531702973,1531702973,1531702977,1531702981,1531702963,1531702988,1531702977,1531702992,1531702980,1531702970,1531702959,1531702962,1531702946,1531702981,1531702959
1531703187,1531703149,1531703178,1531703160,1531703162,1531703155,1531703156,1531703160,1531703166,1531703146,1531703170,1531703160,1531703175,1531703167,1531703154,1531703143,1531703144,1531703129,1531703165,1531703143
1531703370,1531703332,1531703365,1531703342,1531703348,1531703341,1531703344,1531703345,1531703351,1531703330,1531703354,1531703343,1531703358,1531703353,1531703339,1531703328,1531703326,1531703311,1531703350,1531703325
1531703551,1531703519,1531703550,1531703526,1531703532,1531703525,1531703529,1531703528,1531703533,1531703514,1531703536,1531703525,1531703542,1531703537,1531703525,1531703509,1531703511,1531703493,1531703534,1531703507
1531703736,1531703701,1531703734,1531703711,1531703714,1531703709,1531703712,1531703711,1531703718,1531703698,1531703721,1531703708,1531703727,1531703720,1531703710,1531703694,1531703698,1531703677,1531703722,1531703691
1531703920,1531703885,1531703916,1531703895,1531703898,1531703890,1531703895,1531703898,1531703901,1531703881,1531703905,1531703889,1531703910,1531703905,1531703894,1531703883,1531703880,1531703859,1531703906,1531703873
1531704102,1531704069,1531704101,1531704079,1531704083,1531704073,1531704080,1531704080,1531704084,1531704065,1531704092,1531704075,1531704096,1531704088,1531704076,1531704067,1531704062,1531704045,1531704089,1531704058
1531704287,1531704253,1531704284,1531704263,1531704268,1531704258,1531704264,1531704268,1531704268,1531704248,1531704274,1531704264,1531704283,1531704268,1531704261,1531704251,1531704245,1531704228,1531704274,1531704241
1531704474,1531704435,1531704469,1531704447,1531704453,1531704443,1531704449,1531704451,1531704453,1531704432,1531704457,1531704448,1531704469,1531704453,1531704443,1531704435,1531704432,1531704412,1531704459,1531704425
1531704655,1531704620,1531704653,1531704631,1531704638,1531704628,1531704630,1531704635,1531704638,1531704616,1531704642,1531704631,1531704653,1531704638,1531704626,1531704618,1531704618,1531704596,1531704642,1531704607
1531704839,1531704801,1531704838,1531704814,1531704825,1531704811,1531704813,1531704817,1531704824,1531704800,1531704825,1531704820,1531704839,1531704820,1531704808,1531704802,1531704805,1531704782,1531704826,1531704792
1531705024,1531704985,1531705020,1531704997,1531705011,1531704995,1531704995,1531705002,1531705011,1531704982,1531705006,1531705001,1531705022,1531705003,1531704992,1531704987,1531704990,1531704968,1531705009,1531704978
1531705210,1531705169,1531705205,1531705180,1531705195,1531705180,1531705179,1531705187,1531705192,1531705168,1531705191,1531705183,1531705206,1531705189,1531705174,1531705173,1531705175,1531705151,1531705195,1531705163
1531705395,1531705350,1531705388,1531705362,1531705380,1531705365,1531705362,1531705371,1531705374,1531705351,1531705374,1531705366,1531705388,1531705373,1531705358,1531705357,1531705359,1531705336,1531705378,1531705346
1531705578,1531705533,1531705571,1531705548,1531705566,1531705550,1531705544,1531705554,1531705562,1531705533,1531705557,1531705548,1531705572,1531705558,1531705545,1531705539,1531705543,1531705517,1531705561,1531705533
1531705764,1531705718,1531705754,1531705729,1531705751,1531705736,1531705731,1531705739,1531705747,1531705714,1531705741,1531705734,1531705756,1531705741,1531705730,1531705720,1531705725,1531705701,1531705746,1531705715
1531705947,1531705899,1531705938,1531705910,1531705936,1531705922,1531705916,1531705923,1531705934,1531705899,1531705925,1531705917,1531705939,1531705924,1531705914,1531705904,1531705913,1531705886,1531705930,1531705897
1531706132,1531706081,1531706123,1531706094,1531706120,1531706107,1531706100,1531706108,1531706118,1531706083,1531706110,1531706102,1531706123,1531706109,1531706097,1531706089,1531706098,1531706070,1531706112,1531706081
1531706317,1531706263,1531706307,1531706278,1531706304,1531706291,1531706283,1531706292,1531706303,1531706265,1531706293,1531706286,1531706309,1531706291,1531706281,1531706276,1531706282,1531706251,1531706294,1531706264
1531706501,1531706448,1531706490,1531706459,1531706489,1531706477,1531706467,1531706479,1531706485,1531706448,1531706476,1531706470,1531706496,1531706474,1531706464,1531706460,1531706466,1531706434,1531706477,1531706449
1531706685,1531706634,1531706674,1531706643,1531706671,1531706662,1531706651,1531706662,1531706670,1531706631,1531706660,1531706653,1531706681,1531706657,1531706646,1531706647,1531706649,1531706620,1531706660,1531706631
1531706868,1531706820,1531706858,1531706829,1531706857,1531706845,1531706835,1531706848,1531706853,1531706814,1531706843,1531706835,1531706866,1531706842,1531706826,1531706830,1531706831,1531706804,1531706843,1531706813
1531707053,1531707002,1531707043,1531707012,1531707041,1531707031,1531707017,1531707032,1531707036,1531706998,1531707028,1531707017,1531707050,1531707026,1531707010,1531707013,1531707014,1531706990,1531707030,1531706996
1531707233,1531707184,1531707225,1531707195,1531707225,1531707215,1531707204,1531707217,1531707219,1531707180,1531707215,1531707201,1531707234,1531707211,1531707193,1531707198,1531707198,1531707174,1531707219,1531707181
1531707418,1531707368,1531707408,1531707380,1531707409,1531707402,1531707386,1531707401,1531707403,1531707365,1531707399,1531707385,1531707419,1531707396,1531707376,1531707380,1531707383,1531707359,1531707406,1531707364
1531707602,1531707553,1531707590,1531707565,1531707594,1531707586,1531707569,1531707584,1531707585,1531707551,1531707583,1531707567,1531707604,1531707581,1531707556,1531707563,1531707566,1531707546,1531707589,1531707549
1531707788,1531707738,1531707775,1531707750,1531707778,1531707772,1531707755,1531707769,1531707771,1531707734,1531707766,1531707749,1531707788,1531707765,1531707740,1531707748,1531707750,1531707729,1531707774,1531707732
1531707975,1531707923,1531707960,1531707935,1531707961,1531707953,1531707937,1531707951,1531707958,1531707916,1531707947,1531707931,1531707972,1531707949,1531707922,1531707932,1531707934,1531707911,1531707956,1531707917
1531708159,1531708109,1531708144,1531708119,1531708143,1531708136,1531708121,1531708135,1531708140,1531708098,1531708129,1531708118,1531708156,1531708135,1531708105,1531708117,1531708119,1531708095,1531708141,1531708102
1531708341,1531708291,1531708330,1531708306,1531708324,1531708318,1531708305,1531708320,1531708321,1531708280,1531708311,1531708300,1531708338,1531708320,1531708290,1531708300,1531708303,1531708278,1531708324,1531708286
1531708522,1531708476,1531708514,1531708490,1531708509,1531708501,1531708490,1531708504,1531708507,1531708465,1531708495,1531708482,1531708524,1531708503,1531708477,1531708489,1531708485,1531708461,1531708508,1531708470
1531708707,1531708662,1531708700,1531708673,1531708695,1531708685,1531708673,1531708687,1531708690,1531708647,1531708681,1531708667,1531708707,1531708686,1531708659,1531708671,1531708668,1531708644,1531708689,1531708654
1531708892,1531708846,1531708881,1531708856,1531708879,1531708868,1531708861,1531708869,1531708873,1531708829,1531708866,1531708853,1531708891,1531708870,1531708841,1531708854,1531708852,1531708830,1531708874,1531708838
1531709075,1531709028,1531709065,1531709043,1531709061,1531709054,1531709044,1531709051,1531709060,1531709012,1531709050,1531709036,1531709075,1531709055,1531709026,1531709037,1531709034,1531709013,1531709058,1531709024
1531709261,1531709211,1531709245,1531709227,1531709243,1531709239,1531709229,1531709234,1531709241,1531709197,1531709234,1531709221,1531709262,1531709240,1531709210,1531709221,1531709218,1531709196,1531709243,1531709207
1531709445,1531709395,1531709431,1531709411,1531709430,1531709422,1531709411,1531709420,1531709425,1531709382,1531709420,1531709409,1531709449,1531709423,1531709392,1531709405,1531709404,1531709378,1531709429,1531709390
1531709628,1531709581,1531709616,1531709594,1531709617,1531709605,1531709595,1531709605,1531709611,1531709563,1531709605,1531709593,1531709631,1531709607,1531709577,1531709587,1531709590,1531709562,1531709613,1531709573
1531709813,1531709763,1531709799,1531709777,1531709801,1531709789,1531709782,1531709790,1531709794,1531709746,1531709788,1531709778,1531709816,1531709790,1531709763,1531709771,1531709775,1531709747,1531709796,1531709756
1531709996,1531709949,1531709980,1531709961,1531709986,1531709974,1531709967,1531709972,1531709979,1531709929,1531709973,1531709963,1531710001,1531709974,1531709946,1531709954,1531709960,1531709932,1531709980,1531709942
1531710180,1531710133,1531710166,1531710148,1531710169,1531710157,1531710155,1531710158,1531710161,1531710114,1531710154,1531710149,1531710184,1531710160,1531710128,1531710138,1531710146,1531710115,1531710165,1531710126
1531710364,1531710317,1531710349,1531710330,1531710353,1531710342,1531710338,1531710340,1531710343,1531710296,1531710339,1531710332,1531710368,1531710345,1531710311,1531710321,1531710330,1531710300,1531710348,1531710308
1531710551,1531710503,1531710533,1531710517,1531710539,1531710528,1531710522,1531710523,1531710527,1531710480,1531710520,1531710515,1531710549,1531710530,1531710493,1531710507,1531710514,1531710482,1531710535,1531710493
1531710734,1531710685,1531710718,1531710704,1531710724,1531710711,1531710704,1531710705,1531710711,1531710663,1531710704,1531710696,1531710732,1531710715,1531710676,1531710692,1531710700,1531710664,1531710719,1531710677
1531710921,1531710868,1531710899,1531710889,1531710909,1531710896,1531710890,1531710889,1531710896,1531710847,1531710891,1531710881,1531710913,1531710897,1531710858,1531710876,1531710885,1531710850,1531710905,1531710860
1531711104,1531711051,1531711086,1531711073,1531711092,1531711079,1531711076,1531711074,1531711082,1531711032,1531711075,1531711065,1531711097,1531711082,1531711044,1531711058,1531711068,1531711033,1531711089,1531711045
1531711289,1531711236,1531711269,1531711256,1531711273,1531711261,1531711261,1531711257,1531711267,1531711215,1531711259,1531711250,1531711282,1531711268,1531711229,1531711243,1531711250,1531711220,1531711271,1531711229
1531711474,1531711420,1531711451,1531711441,1531711459,1531711445,1531711445,1531711440,1531711452,1531711397,1531711442,1531711434,1531711465,1531711452,1531711413,1531711429,1531711433,1531711404,1531711455,1531711413
1531711659,1531711604,1531711635,1531711628,1531711641,1531711629,1531711630,1531711623,1531711639,1531711583,1531711627,1531711618,1531711648,1531711638,1531711597,1531711613,1531711619,1531711588,1531711640,1531711601
1531711843,1531711789,1531711820,1531711814,1531711827,1531711813,1531711814,1531711807,1531711824,1531711765,1531711810,1531711800,1531711834,1531711821,1531711782,1531711797,1531711803,1531711773,1531711824,1531711784
1531712030,1531711975,1531712003,1531711998,1531712011,1531711997,1531711997,1531711990,1531712005,1531711950,1531711992,1531711983,1531712020,1531712005,1531711967,1531711983,1531711988,1531711958,1531712009,1531711967
1531712215,1531712156,1531712188,1531712183,1531712197,1531712181,1531712180,1531712174,1531712187,1531712136,1531712177,1531712168,1531712203,1531712191,1531712153,1531712167,1531712172,1531712144,1531712192,1531712151
1531712398,1531712340,1531712372,1531712367,1531712382,1531712366,1531712362,1531712360,1531712372,1531712317,1531712364,1531712351,1531712387,1531712373,1531712336,1531712351,1531712356,1531712328,1531712374,1531712336
1531712582,1531712525,1531712557,1531712551,1531712565,1531712553,1531712546,1531712542,1531712556,1531712503,1531712549,1531712534,1531712569,1531712556,1531712519,1531712534,1531712541,1531712511,1531712560,1531712519
1531712767,1531712708,1531712742,1531712736,1531712747,1531712735,1531712731,1531712727,1531712741,1531712686,1531712732,1531712717,1531712753,1531712740,1531712704,1531712719,1531712728,1531712696,1531712743,1531712701
1531712954,1531712891,1531712925,1531712918,1531712929,1531712918,1531712914,1531712911,1531712927,1531712870,1531712918,1531712901,1531712934,1531712921,1531712892,1531712903,1531712911,1531712879,1531712924,1531712886
1531713138,1531713074,1531713110,1531713102,1531713112,1531713102,1531713098,1531713095,1531713111,1531713056,1531713101,1531713085,1531713119,1531713106,1531713076,1531713086,1531713098,1531713060,1531713108,1531713069
1531713320,1531713258,1531713291,1531713287,1531713298,1531713285,1531713282,1531713280,1531713293,1531713238,1531713284,1531713268,1531713304,1531713287,1531713261,1531713269,1531713282,1531713244,1531713293,1531713253
1531713502,1531713443,1531713478,1531713474,1531713484,1531713468,1531713467,1531713462,1531713478,1531713421,1531713470,1531713451,1531713486,1531713471,1531713443,1531713453,1531713464,1531713430,1531713476,1531713438
1531713686,1531713627,1531713662,1531713660,1531713668,1531713651,1531713650,1531713646,1531713663,1531713607,1531713652,1531713635,1531713671,1531713653,1531713628,1531713636,1531713647,1531713615,1531713660,1531713623
1531713871,1531713809,1531713844,1531713844,1531713854,1531713834,1531713832,1531713831,1531713845,1531713792,1531713837,1531713819,1531713855,1531713836,1531713812,1531713821,1531713834,1531713798,1531713847,1531713807
1531714056,1531713996,1531714030,1531714030,1531714037,1531714016,1531714018,1531714011,1531714028,1531713977,1531714019,1531714004,1531714039,1531714020,1531713996,1531714005,1531714019,1531713981,1531714032,1531713989
1531714240,1531714181,1531714214,1531714213,1531714221,1531714201,1531714204,1531714195,1531714212,1531714162,1531714203,1531714188,1531714224,1531714206,1531714179,1531714186,1531714201,1531714163,1531714215,1531714171
1531714420,1531714367,1531714395,1531714399,1531714406,1531714385,1531714391,1531714380,1531714396,1531714345,1531714390,1531714375,1531714409,1531714389,1531714361,1531714367,1531714388,1531714349,1531714399,1531714354
1531714601,1531714549,1531714577,1531714580,1531714589,1531714568,1531714573,1531714563,1531714583,1531714528,1531714575,1531714559,1531714594,1531714574,1531714548,1531714550,1531714574,1531714533,1531714584,1531714538
1531714784,1531714735,1531714762,1531714763,1531714774,1531714753,1531714756,1531714748,1531714767,1531714713,1531714760,1531714744,1531714777,1531714758,1531714730,1531714732,1531714758,1531714717,1531714764,1531714721
1531714971,1531714922,1531714942,1531714947,1531714961,1531714939,1531714938,1531714932,1531714948,1531714897,1531714941,1531714928,1531714960,1531714941,1531714914,1531714917,1531714942,1531714904,1531714948,1531714906
1531715156,1531715107,1531715125,1531715132,1531715144,1531715124,1531715121,1531715115,1531715130,1531715082,1531715125,1531715112,1531715143,1531715126,1531715100,1531715099,1531715125,1531715084,1531715131,1531715092
1531715340,1531715289,1531715308,1531715318,1531715329,1531715310,1531715307,1531715302,1531715316,1531715268,1531715310,1531715295,1531715326,1531715310,1531715285,1531715283,1531715310,1531715266,1531715316,1531715279
1531715523,1531715473,1531715492,1531715501,1531715514,1531715491,1531715491,1531715486,1531715501,1531715453,1531715493,1531715478,1531715511,1531715493,1531715469,1531715466,1531715493,1531715449,1531715500,1531715463
1531715708,1531715658,1531715675,1531715684,1531715700,1531715676,1531715674,1531715666,1531715684,1531715637,1531715677,1531715663,1531715694,1531715677,1531715650,1531715647,1531715679,1531715633,1531715683,1531715646
1531715894,1531715842,1531715862,1531715866,1531715884,1531715862,1531715857,1531715848,1531715870,1531715821,1531715859,1531715847,1531715879,1531715862,1531715832,1531715833,1531715862,1531715816,1531715864,1531715829
1531716076,1531716026,1531716046,1531716049,1531716068,1531716045,1531716040,1531716033,1531716052,1531716006,1531716046,1531716031,1531716062,1531716045,1531716015,1531716015,1531716046,1531716003,1531716048,1531716015
1531716258,1531716213,1531716231,1531716231,1531716252,1531716226,1531716224,1531716218,1531716235,1531716190,1531716228,1531716215,1531716245,1531716226,1531716199,1531716200,1531716232,1531716185,1531716233,1531716199
1531716444,1531716396,1531716415,1531716414,1531716435,1531716409,1531716409,1531716404,1531716418,1531716375,1531716411,1531716397,1531716428,1531716408,1531716386,1531716381,1531716415,1531716370,1531716415,1531716383
1531716631,1531716579,1531716600,1531716596,1531716618,1531716594,1531716594,1531716589,1531716602,1531716561,1531716594,1531716581,1531716611,1531716592,1531716568,1531716568,1531716599,1531716556,1531716599,1531716565
1531716815,1531716765,1531716785,1531716781,1531716801,1531716780,1531716778,1531716772,1531716785,1531716745,1531716777,1531716765,1531716796,1531716778,1531716751,1531716753,1531716784,1531716740,1531716786,1531716749
1531717000,1531716951,1531716968,1531716964,1531716984,1531716964,1531716963,1531716957,1531716969,1531716931,1531716962,1531716950,1531716982,1531716965,1531716936,1531716936,1531716966,1531716922,1531716970,1531716933
1531717186,1531717136,1531717153,1531717147,1531717168,1531717147,1531717150,1531717143,1531717153,1531717115,1531717147,1531717132,1531717167,1531717148,1531717122,1531717121,1531717153,1531717107,1531717154,1531717116
1531717370,1531717321,1531717339,1531717330,1531717352,1531717329,1531717336,1531717329,1531717335,1531717300,1531717329,1531717317,1531717351,1531717329,1531717308,1531717304,1531717333,1531717293,1531717338,1531717301
1531717556,1531717506,1531717525,1531717514,1531717535,1531717514,1531717520,1531717510,1531717518,1531717484,1531717510,1531717502,1531717535,1531717514,1531717493,1531717489,1531717518,1531717477,1531717523,1531717485
1531717739,1531717691,1531717710,1531717700,1531717715,1531717699,1531717705,1531717693,1531717704,1531717666,1531717693,1531717685,1531717717,1531717697,1531717677,1531717672,1531717702,1531717661,1531717709,1531717668
1531717924,1531717876,1531717897,1531717883,1531717899,1531717885,1531717888,1531717879,1531717889,1531717853,1531717878,1531717868,1531717899,1531717880,1531717861,1531717859,1531717887,1531717847,1531717895,1531717854
1531718110,1531718060,1531718082,1531718066,1531718084,1531718069,1531718074,1531718065,1531718075,1531718033,1531718061,1531718054,1531718081,1531718063,1531718043,1531718046,1531718072,1531718030,1531718078,1531718035
1531718293,1531718242,1531718268,1531718250,1531718267,1531718249,1531718257,1531718247,1531718259,1531718214,1531718245,1531718241,1531718265,1531718247,1531718225,1531718232,1531718254,1531718217,1531718260,1531718217
1531718476,1531718424,1531718452,1531718436,1531718452,1531718432,1531718442,1531718428,1531718443,1531718396,1531718430,1531718429,1531718445,1531718431,1531718409,1531718413,1531718436,1531718402,1531718448,1531718402
1531718661,1531718608,1531718636,1531718620,1531718637,1531718615,1531718626,1531718612,1531718626,1531718579,1531718615,1531718615,1531718629,1531718615,1531718594,1531718594,1531718622,1531718586,1531718635,1531718585
1531718846,1531718792,1531718820,1531718803,1531718819,1531718801,1531718810,1531718792,1531718810,1531718764,1531718801,1531718799,1531718816,1531718799,1531718777,1531718777,1531718806,1531718771,1531718819,1531718770
1531719030,1531718979,1531719004,1531718990,1531719004,1531718985,1531718993,1531718976,1531718992,1531718949,1531718986,1531718982,1531718999,1531718982,1531718961,1531718962,1531718991,1531718954,1531719004,1531718955
1531719215,1531719162,1531719188,1531719174,1531719189,1531719168,1531719178,1531719159,1531719180,1531719133,1531719169,1531719166,1531719182,1531719166,1531719143,1531719146,1531719176,1531719138,1531719184,1531719136
1531719397,1531719345,1531719370,1531719356,1531719375,1531719353,1531719364,1531719339,1531719363,1531719318,1531719353,1531719353,1531719365,1531719348,1531719328,1531719331,1531719361,1531719320,1531719368,1531719319
1531719580,1531719531,1531719556,1531719542,1531719558,1531719537,1531719550,1531719523,1531719547,1531719503,1531719536,1531719537,1531719549,1531719531,1531719514,1531719514,1531719546,1531719505,1531719550,1531719505
1531719764,1531719715,1531719740,1531719726,1531719744,1531719721,1531719737,1531719709,1531719734,1531719686,1531719719,1531719720,1531719731,1531719715,1531719697,1531719698,1531719732,1531719690,1531719733,1531719687
1531719948,1531719899,1531719925,1531719911,1531719926,1531719905,1531719920,1531719894,1531719918,1531719871,1531719901,1531719905,1531719915,1531719899,1531719882,1531719881,1531719919,1531719873,1531719917,1531719869
1531720133,1531720085,1531720109,1531720096,1531720113,1531720090,1531720105,1531720078,1531720102,1531720054,1531720083,1531720088,1531720100,1531720084,1531720067,1531720065,1531720103,1531720057,1531720099,1531720056
1531720316,1531720269,1531720293,1531720282,1531720295,1531720273,1531720287,1531720261,1531720286,1531720238,1531720266,1531720273,1531720287,1531720268,1531720252,1531720250,1531720286,1531720242,1531720285,1531720239
1531720498,1531720452,1531720477,1531720468,1531720479,1531720457,1531720471,1531720447,1531720469,1531720419,1531720452,1531720459,1531720471,1531720452,1531720437,1531720434,1531720471,1531720427,1531720468,1531720426
1531720682,1531720637,1531720659,1531720650,1531720660,1531720638,1531720655,1531720631,1531720652,1531720600,1531720634,1531720641,1531720652,1531720635,1531720625,1531720615,1531720655,1531720610,1531720652,1531720610
1531720868,1531720823,1531720847,1531720835,1531720843,1531720822,1531720840,1531720814,1531720836,1531720783,1531720819,1531720825,1531720839,1531720815,1531720810,1531720798,1531720840,1531720795,1531720836,1531720796
1531721053,1531721007,1531721033,1531721019,1531721025,1531721006,1531721028,1531720998,1531721019,1531720969,1531721004,1531721009,1531721023,1531720999,1531720992,1531720981,1531721027,1531720979,1531721020,1531720979
1531721236,1531721192,1531721219,1531721203,1531721210,1531721191,1531721210,1531721184,1531721202,1531721151,1531721187,1531721193,1531721206,1531721183,1531721177,1531721165,1531721210,1531721163,1531721204,1531721164
1531721418,1531721378,1531721404,1531721385,1531721392,1531721377,1531721395,1531721368,1531721387,1531721335,1531721372,1531721379,1531721390,1531721368,1531721360,1531721347,1531721393,1531721350,1531721387,1531721348
1531721602,1531721562,1531721586,1531721572,1531721573,1531721564,1531721579,1531721553,1531721573,1531721517,1531721555,1531721562,1531721576,1531721549,1531721543,1531721530,1531721577,1531721533,1531721570,1531721530
1531721785,1531721747,1531721769,1531721756,1531721757,1531721749,1531721763,1531721736,1531721758,1531721700,1531721740,1531721747,1531721755,1531721732,1531721728,1531721714,1531721763,1531721716,1531721755,1531721712
1531721971,1531721931,1531721953,1531721940,1531721940,1531721933,1531721946,1531721920,1531721943,1531721883,1531721923,1531721933,1531721942,1531721916,1531721911,1531721897,1531721950,1531721900,1531721940,1531721892
1531722154,1531722117,1531722138,1531722126,1531722124,1531722117,1531722131,1531722104,1531722126,1531722069,1531722106,1531722121,1531722125,1531722098,1531722098,1531722082,1531722136,1531722084,1531722124,1531722075
1531722339,1531722302,1531722322,1531722309,1531722311,1531722301,1531722314,1531722286,1531722309,1531722252,1531722290,1531722305,1531722310,1531722282,1531722279,1531722264,1531722320,1531722271,1531722308,1531722259
1531722524,1531722484,1531722506,1531722493,1531722496,1531722485,1531722499,1531722467,1531722494,1531722432,1531722474,1531722490,1531722493,1531722469,1531722464,1531722449,1531722505,1531722456,1531722494,1531722443
1531722705,1531722667,1531722690,1531722678,1531722681,1531722671,1531722680,1531722650,1531722678,1531722616,1531722660,1531722676,1531722677,1531722652,1531722649,1531722633,1531722688,1531722642,1531722679,1531722629
1531722887,1531722853,1531722874,1531722861,1531722865,1531722856,1531722864,1531722834,1531722859,1531722800,1531722844,1531722858,1531722862,1531722836,1531722834,1531722816,1531722872,1531722825,1531722863,1531722809
1531723072,1531723037,1531723059,1531723046,1531723049,1531723040,1531723047,1531723019,1531723042,1531722981,1531723030,1531723043,1531723047,1531723018,1531723020,1531723001,1531723054,1531723011,1531723047,1531722991
1531723256,1531723221,1531723244,1531723231,1531723235,1531723224,1531723230,1531723202,1531723225,1531723163,1531723213,1531723228,1531723229,1531723204,1531723202,1531723187,1531723237,1531723192,1531723230,1531723176
1531723439,1531723406,1531723430,1531723416,1531723420,1531723406,1531723412,1531723387,1531723408,1531723347,1531723398,1531723412,1531723413,1531723387,1531723386,1531723372,1531723423,1531723375,1531723410,1531723359
1531723622,1531723589,1531723613,1531723599,1531723603,1531723588,1531723595,1531723573,1531723591,1531723531,1531723585,1531723594,1531723601,1531723572,1531723570,1531723557,1531723606,1531723554,1531723593,1531723543
1531723806,1531723771,1531723796,1531723784,1531723786,1531723774,1531723780,1531723755,1531723776,1531723716,1531723769,1531723777,1531723785,1531723758,1531723753,1531723741,1531723789,1531723736,1531723778,1531723728
1531723992,1531723955,1531723980,1531723965,1531723968,1531723960,1531723962,1531723940,1531723959,1531723900,1531723953,1531723959,1531723967,1531723942,1531723937,1531723926,1531723975,1531723919,1531723963,1531723913
1531724177,1531724142,1531724164,1531724150,1531724152,1531724144,1531724145,1531724125,1531724144,1531724083,1531724136,1531724144,1531724152,1531724125,1531724121,1531724110,1531724158,1531724104,1531724148,1531724096
1531724361,1531724323,1531724346,1531724332,1531724335,1531724327,1531724328,1531724307,1531724328,1531724265,1531724319,1531724327,1531724337,1531724309,1531724305,1531724293,1531724341,1531724288,1531724330,1531724276
1531724547,1531724510,1531724531,1531724518,1531724520,1531724511,1531724511,1531724491,1531724514,1531724447,1531724504,1531724511,1531724522,1531724495,1531724488,1531724480,1531724525,1531724473,1531724515,1531724460
1531724730,1531724696,1531724715,1531724704,1531724705,1531724695,1531724693,1531724674,1531724699,1531724632,1531724689,1531724694,1531724705,1531724677,1531724672,1531724665,1531724709,1531724655,1531724701,1531724643
1531724912,1531724879,1531724901,1531724889,1531724888,1531724876,1531724876,1531724857,1531724883,1531724814,1531724876,1531724878,1531724890,1531724860,1531724856,1531724851,1531724895,1531724838,1531724884,1531724826
1531725098,1531725060,1531725082,1531725073,1531725075,1531725060,1531725063,1531725044,1531725065,1531724996,1531725060,1531725060,1531725073,1531725047,1531725041,1531725035,1531725080,1531725022,1531725070,1531725009
1531725279,1531725244,1531725268,1531725258,1531725259,1531725244,1531725248,1531725228,1531725250,1531725184,1531725242,1531725245,1531725257,1531725230,1531725227,1531725218,1531725264,1531725205,1531725256,1531725194
1531725467,1531725427,1531725454,1531725444,1531725442,1531725427,1531725433,1531725413,1531725434,1531725367,1531725426,1531725430,1531725440,1531725413,1531725412,1531725401,1531725447,1531725389,1531725439,1531725374
1531725652,1531725609,1531725637,1531725632,1531725628,1531725611,1531725617,1531725598,1531725619,1531725552,1531725609,1531725612,1531725623,1531725597,1531725595,1531725584,1531725632,1531725577,1531725623,1531725559
1531725837,1531725791,1531725822,1531725816,1531725811,1531725797,1531725801,1531725782,1531725805,1531725733,1531725792,1531725795,1531725805,1531725781,1531725779,1531725765,1531725817,1531725763,1531725807,1531725742
1531726023,1531725975,1531726004,1531726001,1531725998,1531725979,1531725986,1531725966,1531725989,1531725918,1531725974,1531725979,1531725989,1531725967,1531725964,1531725948,1531726000,1531725945,1531725993,1531725929
1531726207,1531726158,1531726190,1531726184,1531726180,1531726163,1531726171,1531726150,1531726173,1531726103,1531726158,1531726163,1531726174,1531726152,1531726148,1531726133,1531726185,1531726130,1531726177,1531726115
1531726394,1531726341,1531726374,1531726367,1531726363,1531726347,1531726355,1531726335,1531726357,1531726288,1531726342,1531726349,1531726355,1531726338,1531726332,1531726317,1531726366,1531726314,1531726360,1531726298
1531726578,1531726529,1531726556,1531726550,1531726547,1531726529,1531726540,1531726519,1531726541,1531726470,1531726526,1531726534,1531726540,1531726523,1531726518,1531726501,1531726549,1531726499,1531726544,1531726482
1531726762,1531726713,1531726738,1531726733,1531726730,1531726714,1531726725,1531726703,1531726724,1531726652,1531726712,1531726720,1531726722,1531726706,1531726705,1531726685,1531726732,1531726683,1531726728,1531726666
1531726944,1531726898,1531726917,1531726917,1531726914,1531726897,1531726909,1531726888,1531726908,1531726838,1531726898,1531726904,1531726906,1531726892,1531726888,1531726868,1531726916,1531726864,1531726913,1531726849
1531727130,1531727084,1531727102,1531727101,1531727096,1531727082,1531727093,1531727071,1531727092,1531727024,1531727082,1531727089,1531727091,1531727075,1531727071,1531727051,1531727099,1531727046,1531727100,1531727033
1531727314,1531727268,1531727287,1531727286,1531727280,1531727264,1531727279,1531727255,1531727273,1531727207,1531727266,1531727273,1531727273,1531727258,1531727256,1531727236,1531727283,1531727233,1531727281,1531727218
1531727497,1531727452,1531727467,1531727469,1531727464,1531727451,1531727464,1531727439,1531727457,1531727392,1531727449,1531727456,1531727458,1531727445,1531727440,1531727419,1531727465,1531727416,1531727464,1531727400
1531727682,1531727637,1531727652,1531727652,1531727649,1531727635,1531727647,1531727621,1531727640,1531727577,1531727632,1531727642,1531727641,1531727631,1531727624,1531727601,1531727650,1531727602,1531727648,1531727586
1531727865,1531727818,1531727841,1531727835,1531727835,1531727820,1531727831,1531727804,1531727826,1531727760,1531727816,1531727826,1531727823,1531727815,1531727809,1531727786,1531727837,1531727787,1531727832,1531727770
1531728050,1531728001,1531728025,1531728016,1531728018,1531728004,1531728014,1531727991,1531728008,1531727942,1531728001,1531728008,1531728007,1531727998,1531727994,1531727971,1531728022,1531727969,1531728016,1531727954
1531728235,1531728186,1531728207,1531728200,1531728202,1531728189,1531728200,1531728174,1531728191,1531728126,1531728185,1531728191,1531728188,1531728181,1531728179,1531728155,1531728205,1531728155,1531728201,1531728139
1531728421,1531728373,1531728389,1531728382,1531728386,1531728373,1531728385,1531728359,1531728373,1531728311,1531728368,1531728374,1531728372,1531728367,1531728363,1531728342,1531728389,1531728341,1531728384,1531728324
1531728605,1531728559,1531728571,1531728568,1531728570,1531728555,1531728570,1531728542,1531728558,1531728494,1531728549,1531728558,1531728557,1531728550,1531728544,1531728527,1531728573,1531728526,1531728567,1531728507
1531728787,1531728745,1531728753,1531728749,1531728754,1531728738,1531728750,1531728725,1531728738,1531728677,1531728732,1531728739,1531728741,1531728730,1531728729,1531728712,1531728758,1531728710,1531728754,1531728690
1531728972,1531728930,1531728937,1531728935,1531728939,1531728922,1531728934,1531728909,1531728924,1531728858,1531728916,1531728923,1531728924,1531728915,1531728914,1531728897,1531728942,1531728895,1531728938,1531728874
1531729155,1531729115,1531729120,1531729122,1531729124,1531729107,1531729117,1531729092,1531729108,1531729041,1531729099,1531729108,1531729107,1531729101,1531729100,1531729079,1531729126,1531729078,1531729123,1531729057
1531729337,1531729301,1531729305,1531729306,1531729306,1531729292,1531729301,1531729276,1531729292,1531729226,1531729280,1531729293,1531729289,1531729285,1531729285,1531729264,1531729309,1531729262,1531729309,1531729239
1531729520,1531729486,1531729491,1531729490,1531729492,1531729477,1531729484,1531729459,1531729477,1531729408,1531729464,1531729480,1531729472,1531729468,1531729469,1531729450,1531729495,1531729449,1531729493,1531729423
1531729705,1531729673,1531729674,1531729672,1531729677,1531729661,1531729668,1531729642,1531729660,1531729594,1531729648,1531729664,1531729654,1531729653,1531729652,1531729633,1531729678,1531729634,1531729677,1531729606
1531729890,1531729855,1531729858,1531729856,1531729862,1531729845,1531729851,1531729824,1531729844,1531729777,1531729833,1531729848,1531729836,1531729836,1531729836,1531729818,1531729862,1531729817,1531729862,1531729791
1531730075,1531730041,1531730042,1531730038,1531730046,1531730031,1531730035,1531730008,1531730027,1531729960,1531730019,1531730033,1531730020,1531730018,1531730017,1531730003,1531730044,1531729999,1531730045,1531729972
1531730259,1531730224,1531730224,1531730223,1531730229,1531730215,1531730220,1531730192,1531730214,1531730145,1531730204,1531730217,1531730204,1531730202,1531730200,1531730188,1531730229,1531730182,1531730232,1531730155
1531730446,1531730409,1531730405,1531730407,1531730413,1531730399,1531730406,1531730375,1531730396,1531730327,1531730387,1531730402,1531730387,1531730385,1531730383,1531730373,1531730412,1531730369,1531730415,1531730338
1531730630,1531730592,1531730588,1531730592,1531730597,1531730582,1531730590,1531730559,1531730581,1531730512,1531730570,1531730589,1531730571,1531730570,1531730569,1531730557,1531730597,1531730552,1531730600,1531730522
1531730812,1531730776,1531730773,1531730778,1531730781,1531730766,1531730775,1531730743,1531730763,1531730698,1531730752,1531730775,1531730757,1531730754,1531730752,1531730743,1531730780,1531730733,1531730781,1531730707
1531730996,1531730960,1531730958,1531730963,1531730965,1531730949,1531730959,1531730925,1531730948,1531730880,1531730938,1531730956,1531730940,1531730940,1531730938,1531730927,1531730963,1531730916,1531730963,1531730890
1531731179,1531731143,1531731141,1531731146,1531731149,1531731131,1531731144,1531731106,1531731132,1531731065,1531731122,1531731138,1531731126,1531731123,1531731120,1531731111,1531731149,1531731103,1531731148,1531731074
1531731362,1531731325,1531731325,1531731325,1531731330,1531731313,1531731330,1531731289,1531731315,1531731249,1531731305,1531731320,1531731307,1531731307,1531731305,1531731293,1531731330,1531731288,1531731329,1531731258
1531731545,1531731510,1531731509,1531731511,1531731514,1531731500,1531731512,1531731473,1531731502,1531731434,1531731489,1531731503,1531731491,1531731491,1531731487,1531731478,1531731513,1531731472,1531731512,1531731443
1531731730,1531731695,1531731692,1531731694,1531731700,1531731685,1531731696,1531731656,1531731687,1531731616,1531731674,1531731689,1531731676,1531731672,1531731672,1531731661,1531731696,1531731658,1531731698,1531731629
1531731915,1531731881,1531731875,1531731878,1531731880,1531731867,1531731881,1531731840,1531731869,1531731802,1531731859,1531731874,1531731859,1531731858,1531731857,1531731845,1531731879,1531731840,1531731882,1531731814
1531732100,1531732067,1531732057,1531732059,1531732066,1531732050,1531732063,1531732024,1531732056,1531731984,1531732043,1531732058,1531732042,1531732042,1531732043,1531732028,1531732062,1531732022,1531732066,1531731999
1531732284,1531732250,1531732241,1531732242,1531732253,1531732232,1531732247,1531732207,1531732240,1531732169,1531732227,1531732242,1531732226,1531732227,1531732226,1531732212,1531732248,1531732203,1531732249,1531732182
1531732468,1531732434,1531732424,1531732428,1531732438,1531732415,1531732431,1531732390,1531732424,1531732352,1531732410,1531732426,1531732409,1531732412,1531732409,1531732393,1531732433,1531732387,1531732431,1531732365
1531732650,1531732618,1531732609,1531732607,1531732622,1531732598,1531732616,1531732574,1531732607,1531732537,1531732593,1531732611,1531732594,1531732596,1531732594,1531732575,1531732619,1531732570,1531732615,1531732549
1531732834,1531732800,1531732792,1531732794,1531732806,1531732784,1531732801,1531732757,1531732792,1531732722,1531732778,1531732795,1531732778,1531732778,1531732779,1531732761,1531732805,1531732754,1531732798,1531732734
1531733020,1531732984,1531732977,1531732978,1531732989,1531732968,1531732984,1531732941,1531732974,1531732904,1531732962,1531732978,1531732960,1531732958,1531732965,1531732949,1531732989,1531732938,1531732984,1531732918
1531733204,1531733169,1531733160,1531733163,1531733174,1531733155,1531733168,1531733126,1531733160,1531733084,1531733146,1531733161,1531733141,1531733144,1531733148,1531733131,1531733175,1531733121,1531733166,1531733104
1531733392,1531733354,1531733344,1531733348,1531733359,1531733341,1531733352,1531733312,1531733344,1531733269,1531733327,1531733345,1531733326,1531733328,1531733333,1531733315,1531733359,1531733303,1531733349,1531733285
1531733575,1531733536,1531733528,1531733530,1531733541,1531733523,1531733537,1531733496,1531733530,1531733454,1531733511,1531733529,1531733510,1531733513,1531733518,1531733500,1531733543,1531733486,1531733534,1531733468
1531733757,1531733718,1531733714,1531733715,1531733727,1531733705,1531733722,1531733680,1531733713,1531733638,1531733697,1531733714,1531733697,1531733696,1531733699,1531733683,1531733726,1531733671,1531733717,1531733653
1531733941,1531733902,1531733900,1531733901,1531733911,1531733889,1531733905,1531733865,1531733896,1531733820,1531733880,1531733896,1531733879,1531733881,1531733884,1531733866,1531733909,1531733857,1531733898,1531733837
1531734125,1531734087,1531734081,1531734087,1531734092,1531734073,1531734090,1531734047,1531734079,1531734003,1531734065,1531734083,1531734061,1531734066,1531734068,1531734048,1531734093,1531734040,1531734082,1531734020
1531734310,1531734272,1531734264,1531734270,1531734272,1531734256,1531734273,1531734230,1531734264,1531734187,1531734249,1531734266,1531734246,1531734248,1531734253,1531734233,1531734275,1531734225,1531734264,1531734205
1531734493,1531734457,1531734449,1531734452,1531734457,1531734438,1531734456,1531734415,1531734448,1531734371,1531734431,1531734449,1531734431,1531734434,1531734435,1531734415,1531734460,1531734408,1531734448,1531734388
1531734674,1531734640,1531734633,1531734638,1531734642,1531734624,1531734640,1531734599,1531734632,1531734557,1531734614,1531734632,1531734613,1531734619,1531734619,1531734598,1531734645,1531734590,1531734633,1531734573
1531734858,1531734825,1531734817,1531734823,1531734825,1531734806,1531734822,1531734783,1531734816,1531734740,1531734800,1531734818,1531734798,1531734801,1531734803,1531734783,1531734829,1531734775,1531734818,1531734755
1531735042,1531735009,1531735001,1531735005,1531735009,1531734991,1531735006,1531734968,1531735001,1531734924,1531734981,1531735003,1531734981,1531734986,1531734988,1531734964,1531735013,1531734961,1531735003,1531734939
1531735224,1531735193,1531735185,1531735189,1531735192,1531735174,1531735187,1531735153,1531735185,1531735108,1531735164,1531735187,1531735167,1531735169,1531735174,1531735149,1531735198,1531735144,1531735187,1531735123
1531735409,1531735378,1531735372,1531735374,1531735376,1531735359,1531735371,1531735336,1531735369,1531735292,1531735348,1531735369,1531735351,1531735352,1531735358,1531735334,1531735382,1531735328,1531735368,1531735307
1531735594,1531735563,1531735554,1531735557,1531735559,1531735543,1531735553,1531735520,1531735556,1531735476,1531735530,1531735554,1531735533,1531735537,1531735541,1531735520,1531735569,1531735514,1531735554,1531735490
1531735779,1531735748,1531735735,1531735741,1531735745,1531735728,1531735738,1531735703,1531735739,1531735661,1531735714,1531735740,1531735720,1531735720,1531735723,1531735703,1531735753,1531735699,1531735738,1531735674
1531735963,1531735929,1531735920,1531735927,1531735930,1531735911,1531735921,1531735887,1531735926,1531735844,1531735897,1531735924,1531735903,1531735906,1531735905,1531735889,1531735936,1531735884,1531735921,1531735859
1531736150,1531736115,1531736101,1531736111,1531736114,1531736096,1531736107,1531736072,1531736110,1531736028,1531736082,1531736112,1531736087,1531736090,1531736088,1531736072,1531736118,1531736068,1531736106,1531736043
1531736334,1531736300,1531736287,1531736295,1531736297,1531736280,1531736291,1531736255,1531736295,1531736213,1531736265,1531736295,1531736270,1531736276,1531736271,1531736256,1531736303,1531736250,1531736293,1531736228
1531736516,1531736484,1531736468,1531736480,1531736479,1531736462,1531736475,1531736438,1531736480,1531736398,1531736448,1531736484,1531736454,1531736457,1531736457,1531736439,1531736488,1531736437,1531736478,1531736412
1531736699,1531736671,1531736648,1531736662,1531736664,1531736643,1531736657,1531736623,1531736667,1531736581,1531736631,1531736672,1531736639,1531736644,1531736642,1531736623,1531736671,1531736619,1531736661,1531736596
1531736884,1531736857,1531736833,1531736847,1531736847,1531736828,1531736842,1531736806,1531736849,1531736764,1531736816,1531736857,1531736824,1531736825,1531736827,1531736805,1531736853,1531736800,1531736844,1531736778
1531737069,1531737040,1531737018,1531737031,1531737033,1531737008,1531737026,1531736991,1531737032,1531736946,1531737000,1531737041,1531737007,1531737007,1531737010,1531736991,1531737038,1531736986,1531737028,1531736961
1531737252,1531737224,1531737202,1531737214,1531737217,1531737193,1531737211,1531737175,1531737215,1531737127,1531737184,1531737223,1531737190,1531737192,1531737197,1531737174,1531737221,1531737166,1531737213,1531737146
1531737435,1531737411,1531737388,1531737398,1531737403,1531737378,1531737396,1531737358,1531737402,1531737310,1531737369,1531737406,1531737375,1531737377,1531737381,1531737356,1531737404,1531737351,1531737393,1531737330
1531737618,1531737594,1531737573,1531737582,1531737587,1531737562,1531737579,1531737542,1531737585,1531737495,1531737555,1531737591,1531737559,1531737563,1531737563,1531737541,1531737587,1531737533,1531737574,1531737514
1531737802,1531737779,1531737755,1531737767,1531737771,1531737745,1531737761,1531737723,1531737769,1531737678,1531737739,1531737774,1531737745,1531737746,1531737745,1531737727,1531737771,1531737719,1531737759,1531737698
1531737987,1531737964,1531737937,1531737951,1531737955,1531737929,1531737948,1531737909,1531737954,1531737862,1531737925,1531737960,1531737932,1531737931,1531737929,1531737908,1531737955,1531737904,1531737942,1531737883
1531738170,1531738149,1531738121,1531738136,1531738140,1531738113,1531738130,1531738093,1531738138,1531738046,1531738106,1531738144,1531738116,1531738116,1531738113,1531738093,1531738139,1531738086,1531738125,1531738068
1531738354,1531738335,1531738306,1531738321,1531738323,1531738296,1531738315,1531738277,1531738324,1531738231,1531738290,1531738328,1531738300,1531738300,1531738295,1531738278,1531738325,1531738270,1531738311,1531738251
1531738535,1531738522,1531738491,1531738506,1531738506,1531738480,1531738499,1531738461,1531738509,1531738414,1531738473,1531738510,1531738483,1531738487,1531738480,1531738463,1531738508,1531738453,1531738493,1531738436
1531738718,1531738709,1531738674,1531738691,1531738691,1531738666,1531738681,1531738646,1531738691,1531738597,1531738658,1531738691,1531738666,1531738669,1531738663,1531738646,1531738695,1531738635,1531738678,1531738619
1531738901,1531738894,1531738859,1531738873,1531738875,1531738848,1531738865,1531738829,1531738878,1531738782,1531738843,1531738873,1531738852,1531738851,1531738848,1531738829,1531738879,1531738818,1531738863,1531738804
1531739089,1531739077,1531739045,1531739056,1531739059,1531739030,1531739050,1531739013,1531739062,1531738963,1531739030,1531739056,1531739035,1531739036,1531739032,1531739014,1531739062,1531739003,1531739044,1531738987
1531739275,1531739263,1531739227,1531739243,1531739243,1531739215,1531739232,1531739197,1531739247,1531739149,1531739214,1531739240,1531739223,1531739220,1531739218,1531739199,1531739247,1531739187,1531739228,1531739170
1531739459,1531739446,1531739409,1531739427,1531739426,1531739401,1531739415,1531739377,1531739428,1531739334,1531739400,1531739424,1531739406,1531739404,1531739399,1531739384,1531739428,1531739371,1531739411,1531739356
1531739645,1531739628,1531739593,1531739610,1531739610,1531739585,1531739600,1531739563,1531739613,1531739518,1531739581,1531739609,1531739592,1531739586,1531739581,1531739566,1531739612,1531739556,1531739593,1531739541
1531739828,1531739814,1531739780,1531739794,1531739793,1531739768,1531739783,1531739747,1531739799,1531739704,1531739764,1531739792,1531739775,1531739772,1531739763,1531739751,1531739796,1531739738,1531739778,1531739726
1531740011,1531740001,1531739965,1531739978,1531739976,1531739951,1531739966,1531739932,1531739981,1531739886,1531739946,1531739976,1531739959,1531739957,1531739947,1531739937,1531739981,1531739926,1531739961,1531739907
1531740194,1531740185,1531740148,1531740160,1531740159,1531740136,1531740148,1531740117,1531740165,1531740069,1531740132,1531740161,1531740145,1531740139,1531740128,1531740120,1531740165,1531740112,1531740144,1531740090
1531740382,1531740371,1531740331,1531740345,1531740342,1531740320,1531740330,1531740301,1531740349,1531740252,1531740315,1531740344,1531740327,1531740324,1531740314,1531740305,1531740351,1531740297,1531740328,1531740274
1531740564,1531740557,1531740514,1531740530,1531740527,1531740506,1531740516,1531740486,1531740533,1531740437,1531740501,1531740524,1531740510,1531740509,1531740500,1531740489,1531740535,1531740480,1531740510,1531740456
1531740748,1531740740,1531740698,1531740714,1531740710,1531740687,1531740698,1531740670,1531740713,1531740619,1531740686,1531740708,1531740691,1531740692,1531740685,1531740674,1531740718,1531740663,1531740693,1531740641
1531740930,1531740926,1531740880,1531740899,1531740894,1531740871,1531740878,1531740852,1531740896,1531740802,1531740870,1531740890,1531740876,1531740878,1531740869,1531740854,1531740901,1531740848,1531740877,1531740826
1531741114,1531741110,1531741064,1531741083,1531741077,1531741052,1531741061,1531741035,1531741078,1531740986,1531741051,1531741073,1531741061,1531741064,1531741050,1531741037,1531741083,1531741031,1531741061,1531741009
1531741299,1531741296,1531741248,1531741266,1531741263,1531741240,1531741246,1531741218,1531741261,1531741173,1531741235,1531741256,1531741246,1531741248,1531741233,1531741221,1531741264,1531741213,1531741244,1531741193
1531741483,1531741479,1531741434,1531741450,1531741449,1531741425,1531741428,1531741403,1531741446,1531741359,1531741417,1531741439,1531741430,1531741433,1531741416,1531741404,1531741449,1531741399,1531741426,1531741378
1531741666,1531741665,1531741617,1531741633,1531741633,1531741609,1531741611,1531741584,1531741631,1531741540,1531741600,1531741622,1531741614,1531741619,1531741600,1531741589,1531741633,1531741586,1531741612,1531741561
1531741850,1531741848,1531741800,1531741815,1531741817,1531741794,1531741796,1531741770,1531741817,1531741721,1531741783,1531741804,1531741799,1531741803,1531741782,1531741771,1531741815,1531741772,1531741799,1531741747
1531742033,1531742032,1531741986,1531742001,1531742000,1531741982,1531741981,1531741952,1531742000,1531741906,1531741965,1531741988,1531741983,1531741986,1531741968,1531741956,1531741998,1531741956,1531741982,1531741930
1531742220,1531742216,1531742169,1531742184,1531742185,1531742164,1531742167,1531742136,1531742183,1531742090,1531742149,1531742171,1531742168,1531742172,1531742151,1531742139,1531742182,1531742140,1531742164,1531742116
1531742403,1531742399,1531742351,1531742365,1531742369,1531742350,1531742351,1531742322,1531742366,1531742274,1531742334,1531742355,1531742351,1531742356,1531742333,1531742323,1531742367,1531742324,1531742347,1531742298
1531742589,1531742582,1531742535,1531742551,1531742554,1531742531,1531742537,1531742507,1531742549,1531742460,1531742519,1531742539,1531742533,1531742542,1531742516,1531742507,1531742553,1531742507,1531742530,1531742481
1531742774,1531742766,1531742720,1531742734,1531742736,1531742714,1531742724,1531742690,1531742736,1531742645,1531742703,1531742723,1531742716,1531742726,1531742702,1531742688,1531742738,1531742692,1531742716,1531742666
1531742959,1531742949,1531742903,1531742915,1531742920,1531742899,1531742908,1531742873,1531742918,1531742829,1531742886,1531742905,1531742897,1531742914,1531742888,1531742873,1531742923,1531742878,1531742900,1531742851
1531743141,1531743132,1531743090,1531743099,1531743103,1531743082,1531743092,1531743056,1531743102,1531743011,1531743071,1531743090,1531743082,1531743099,1531743072,1531743059,1531743107,1531743062,1531743082,1531743034
1531743326,1531743315,1531743277,1531743285,1531743286,1531743266,1531743275,1531743244,1531743286,1531743195,1531743253,1531743274,1531743267,1531743281,1531743258,1531743245,1531743292,1531743244,1531743267,1531743219
1531743512,1531743501,1531743464,1531743466,1531743469,1531743449,1531743459,1531743427,1531743468,1531743380,1531743438,1531743457,1531743451,1531743465,1531743441,1531743428,1531743474,1531743427,1531743452,1531743403
1531743696,1531743685,1531743647,1531743648,1531743653,1531743633,1531743640,1531743610,1531743653,1531743564,1531743623,1531743642,1531743634,1531743648,1531743625,1531743612,1531743658,1531743613,1531743640,1531743588
1531743882,1531743870,1531743831,1531743832,1531743837,1531743816,1531743825,1531743794,1531743838,1531743749,1531743808,1531743825,1531743818,1531743828,1531743808,1531743794,1531743838,1531743797,1531743821,1531743771
1531744067,1531744052,1531744015,1531744014,1531744021,1531744003,1531744007,1531743979,1531744021,1531743933,1531743993,1531744009,1531744005,1531744007,1531743993,1531743975,1531744022,1531743979,1531744003,1531743957
1531744254,1531744235,1531744197,1531744197,1531744207,1531744186,1531744194,1531744163,1531744205,1531744119,1531744177,1531744192,1531744186,1531744190,1531744176,1531744161,1531744205,1531744163,1531744186,1531744143
1531744440,1531744420,1531744382,1531744379,1531744390,1531744371,1531744377,1531744348,1531744389,1531744302,1531744361,1531744375,1531744372,1531744373,1531744364,1531744347,1531744391,1531744350,1531744371,1531744330
1531744625,1531744604,1531744566,1531744563,1531744575,1531744552,1531744559,1531744532,1531744573,1531744486,1531744545,1531744559,1531744555,1531744556,1531744548,1531744533,1531744577,1531744534,1531744555,1531744513
1531744809,1531744790,1531744747,1531744747,1531744762,1531744737,1531744742,1531744715,1531744754,1531744672,1531744729,1531744740,1531744739,1531744739,1531744732,1531744717,1531744762,1531744716,1531744739,1531744699
1531744990,1531744973,1531744931,1531744931,1531744946,1531744920,1531744926,1531744899,1531744936,1531744858,1531744913,1531744922,1531744924,1531744924,1531744914,1531744900,1531744944,1531744902,1531744924,1531744883
1531745173,1531745156,1531745114,1531745116,1531745130,1531745104,1531745109,1531745082,1531745116,1531745042,1531745096,1531745106,1531745107,1531745106,1531745098,1531745085,1531745129,1531745087,1531745107,1531745065
1531745361,1531745341,1531745298,1531745299,1531745315,1531745288,1531745296,1531745264,1531745299,1531745226,1531745281,1531745289,1531745293,1531745290,1531745281,1531745270,1531745311,1531745269,1531745288,1531745250
1531745546,1531745522,1531745481,1531745483,1531745496,1531745470,1531745481,1531745448,1531745484,1531745410,1531745467,1531745472,1531745480,1531745474,1531745465,1531745453,1531745494,1531745453,1531745472,1531745433
1531745730,1531745707,1531745665,1531745665,1531745678,1531745653,1531745666,1531745631,1531745667,1531745594,1531745649,1531745655,1531745665,1531745658,1531745647,1531745638,1531745678,1531745638,1531745655,1531745619
1531745913,1531745889,1531745849,1531745851,1531745862,1531745838,1531745851,1531745814,1531745852,1531745779,1531745830,1531745841,1531745852,1531745844,1531745830,1531745822,1531745865,1531745822,1531745840,1531745802
1531746095,1531746073,1531746035,1531746034,1531746049,1531746024,1531746035,1531746000,1531746037,1531745962,1531746012,1531746023,1531746037,1531746027,1531746014,1531746003,1531746048,1531746006,1531746021,1531745984
1531746281,1531746254,1531746221,1531746218,1531746232,1531746207,1531746221,1531746183,1531746220,1531746145,1531746196,1531746209,1531746222,1531746212,1531746197,1531746186,1531746233,1531746191,1531746206,1531746168
1531746468,1531746439,1531746406,1531746403,1531746418,1531746393,1531746405,1531746369,1531746404,1531746330,1531746380,1531746396,1531746406,1531746395,1531746379,1531746372,1531746418,1531746375,1531746394,1531746355
1531746650,1531746621,1531746590,1531746588,1531746602,1531746577,1531746589,1531746554,1531746588,1531746515,1531746562,1531746583,1531746591,1531746580,1531746560,1531746554,1531746604,1531746558,1531746576,1531746541
1531746836,1531746805,1531746773,1531746772,1531746787,1531746757,1531746775,1531746736,1531746769,1531746698,1531746746,1531746766,1531746773,1531746761,1531746742,1531746739,1531746788,1531746742,1531746759,1531746723
1531747019,1531746989,1531746960,1531746957,1531746969,1531746941,1531746957,1531746920,1531746950,1531746882,1531746932,1531746950,1531746957,1531746944,1531746926,1531746923,1531746971,1531746928,1531746942,1531746907
1531747204,1531747172,1531747143,1531747144,1531747152,1531747125,1531747140,1531747105,1531747134,1531747066,1531747114,1531747135,1531747139,1531747128,1531747111,1531747105,1531747155,1531747112,1531747124,1531747089
1531747389,1531747354,1531747327,1531747330,1531747336,1531747310,1531747327,1531747289,1531747317,1531747249,1531747298,1531747318,1531747321,1531747311,1531747297,1531747289,1531747337,1531747298,1531747308,1531747275
1531747573,1531747534,1531747511,1531747515,1531747520,1531747490,1531747509,1531747474,1531747501,1531747435,1531747480,1531747502,1531747504,1531747495,1531747483,1531747470,1531747522,1531747480,1531747491,1531747459
1531747759,1531747716,1531747697,1531747701,1531747706,1531747672,1531747696,1531747658,1531747683,1531747619,1531747663,1531747685,1531747687,1531747680,1531747668,1531747654,1531747708,1531747662,1531747674,1531747642
1531747943,1531747901,1531747881,1531747886,1531747890,1531747858,1531747878,1531747843,1531747869,1531747804,1531747846,1531747871,1531747871,1531747864,1531747855,1531747837,1531747891,1531747844,1531747859,1531747826
1531748125,1531748087,1531748066,1531748069,1531748072,1531748044,1531748064,1531748026,1531748054,1531747986,1531748031,1531748053,1531748056,1531748048,1531748038,1531748020,1531748074,1531748028,1531748045,1531748013
1531748308,1531748268,1531748251,1531748252,1531748260,1531748229,1531748248,1531748208,1531748237,1531748172,1531748215,1531748235,1531748241,1531748234,1531748225,1531748200,1531748262,1531748211,1531748228,1531748197
1531748494,1531748450,1531748435,1531748436,1531748442,1531748414,1531748433,1531748392,1531748422,1531748359,1531748403,1531748418,1531748424,1531748419,1531748408,1531748382,1531748448,1531748395,1531748409,1531748384
1531748679,1531748638,1531748618,1531748621,1531748627,1531748601,1531748618,1531748577,1531748607,1531748542,1531748586,1531748603,1531748608,1531748603,1531748591,1531748568,1531748631,1531748580,1531748592,1531748566
1531748863,1531748822,1531748800,1531748803,1531748811,1531748787,1531748799,1531748760,1531748791,1531748724,1531748770,1531748789,1531748791,1531748787,1531748774,1531748750,1531748819,1531748761,1531748774,1531748749
1531749046,1531749007,1531748982,1531748986,1531748997,1531748971,1531748983,1531748943,1531748974,1531748907,1531748955,1531748974,1531748974,1531748973,1531748959,1531748932,1531749003,1531748945,1531748956,1531748934
1531749229,1531749190,1531749166,1531749170,1531749182,1531749155,1531749162,1531749124,1531749157,1531749088,1531749140,1531749157,1531749157,1531749157,1531749143,1531749116,1531749189,1531749129,1531749140,1531749116
1531749414,1531749374,1531749350,1531749354,1531749365,1531749341,1531749347,1531749307,1531749340,1531749271,1531749324,1531749342,1531749341,1531749342,1531749325,1531749301,1531749373,1531749316,1531749324,1531749301
1531749595,1531749559,1531749535,1531749538,1531749551,1531749525,1531749528,1531749490,1531749524,1531749454,1531749507,1531749527,1531749521,1531749529,1531749508,1531749484,1531749558,1531749501,1531749508,1531749484
1531749778,1531749743,1531749719,1531749722,1531749733,1531749707,1531749713,1531749672,1531749708,1531749639,1531749693,1531749713,1531749706,1531749712,1531749691,1531749667,1531749740,1531749687,1531749690,1531749668
1531749958,1531749928,1531749903,1531749905,1531749920,1531749892,1531749898,1531749858,1531749892,1531749823,1531749878,1531749895,1531749891,1531749894,1531749875,1531749849,1531749923,1531749870,1531749874,1531749853
1531750144,1531750113,1531750087,1531750091,1531750105,1531750078,1531750083,1531750044,1531750079,1531750005,1531750064,1531750079,1531750073,1531750079,1531750058,1531750031,1531750105,1531750054,1531750056,1531750036
1531750328,1531750299,1531750268,1531750275,1531750288,1531750263,1531750268,1531750229,1531750264,1531750189,1531750248,1531750263,1531750255,1531750263,1531750241,1531750215,1531750292,1531750237,1531750241,1531750221
1531750512,1531750484,1531750454,1531750461,1531750471,1531750446,1531750450,1531750413,1531750449,1531750374,1531750431,1531750446,1531750440,1531750444,1531750426,1531750399,1531750475,1531750422,1531750425,1531750405
1531750697,1531750669,1531750637,1531750646,1531750650,1531750633,1531750634,1531750597,1531750632,1531750559,1531750616,1531750631,1531750626,1531750628,1531750611,1531750581,1531750659,1531750608,1531750608,1531750590
1531750882,1531750855,1531750821,1531750832,1531750831,1531750817,1531750818,1531750782,1531750819,1531750742,1531750800,1531750813,1531750813,1531750812,1531750794,1531750763,1531750843,1531750794,1531750794,1531750774
1531751066,1531751040,1531751006,1531751015,1531751014,1531751000,1531751002,1531750963,1531751001,1531750925,1531750981,1531750995,1531750997,1531750995,1531750979,1531750950,1531751027,1531750979,1531750979,1531750959
1531751249,1531751222,1531751191,1531751201,1531751197,1531751183,1531751186,1531751146,1531751184,1531751110,1531751167,1531751177,1531751182,1531751179,1531751165,1531751133,1531751210,1531751162,1531751163,1531751142
1531751435,1531751406,1531751375,1531751382,1531751381,1531751369,1531751367,1531751329,1531751366,1531751292,1531751350,1531751359,1531751366,1531751363,1531751349,1531751315,1531751390,1531751345,1531751346,1531751327
1531751616,1531751590,1531751556,1531751567,1531751565,1531751555,1531751551,1531751513,1531751550,1531751475,1531751537,1531751543,1531751549,1531751547,1531751534,1531751500,1531751575,1531751531,1531751531,1531751510
1531751799,1531751776,1531751740,1531751750,1531751747,1531751741,1531751734,1531751700,1531751737,1531751659,1531751719,1531751726,1531751732,1531751732,1531751718,1531751684,1531751760,1531751717,1531751713,1531751695
1531751984,1531751959,1531751926,1531751934,1531751933,1531751925,1531751918,1531751888,1531751921,1531751843,1531751901,1531751910,1531751915,1531751914,1531751904,1531751870,1531751946,1531751902,1531751896,1531751879
1531752167,1531752140,1531752109,1531752119,1531752117,1531752110,1531752101,1531752073,1531752104,1531752027,1531752087,1531752093,1531752097,1531752099,1531752091,1531752055,1531752127,1531752088,1531752080,1531752063
1531752352,1531752324,1531752293,1531752304,1531752300,1531752294,1531752285,1531752256,1531752288,1531752210,1531752272,1531752275,1531752280,1531752279,1531752277,1531752239,1531752310,1531752275,1531752265,1531752246
1531752536,1531752507,1531752477,1531752487,1531752484,1531752478,1531752470,1531752438,1531752472,1531752393,1531752457,1531752458,1531752463,1531752463,1531752458,1531752423,1531752492,1531752459,1531752452,1531752429
1531752719,1531752690,1531752660,1531752674,1531752670,1531752662,1531752658,1531752622,1531752657,1531752577,1531752645,1531752644,1531752648,1531752648,1531752643,1531752609,1531752677,1531752640,1531752636,1531752614
1531752903,1531752873,1531752844,1531752859,1531752853,1531752848,1531752842,1531752807,1531752840,1531752763,1531752826,1531752830,1531752831,1531752831,1531752825,1531752792,1531752859,1531752824,1531752820,1531752798
1531753086,1531753058,1531753027,1531753047,1531753039,1531753034,1531753026,1531752993,1531753025,1531752949,1531753010,1531753016,1531753014,1531753015,1531753008,1531752977,1531753044,1531753008,1531753004,1531752984
